company_name,vendor_code,contact_person_name,email,phone_number,registered_address,country_origin,supplier_type,supplier_category,annual_turnover,year_established,msme_status,pan_number,gst_number,gta_registration,incorporation_certificate_path,currency,nda,sqa,four_m,code_of_conduct,compliance_agreement,self_declaration
Tata Steel Manufacturing Ltd.,VEND001,Rajesh Kumar,rajesh.kumar@tatasteel.com,-9876543119,"Bombay House, 24 Homi Mody Street, Mumbai, Maharashtra 400001",IN,supplier,manufacturing,50000000,1907,large,ABCDE1234F,27ABCDE1234F1Z5,GTA123456,certificates/tata_steel_incorp.pdf,INR,TRUE,TRUE,TRUE,TRUE,TRUE,TRUE
Microsoft Corporation India Pvt Ltd.,VEND002,Priya Sharma,priya.sharma@microsoft.com,-8765432018,"Microsoft India Pvt Ltd, DLF Cyber City, DLF Phase 2, Sector 24, Gurugram, Haryana 122002",IN,service_provider,services,75000000,1990,large,BCDEF2345G,06BCDEF2345G2Z6,GTA234567,certificates/microsoft_india_incorp.pdf,INR,TRUE,TRUE,TRUE,TRUE,TRUE,TRUE
BMW Group India Pvt Ltd.,VEND003,Hans Mueller,hans.mueller@bmw.de,-422,"Petuelring 130, 80809 Munich, Germany",DE,distributor,trading,120000000,1916,large,,,,certificates/bmw_germany_incorp.pdf,EUR,TRUE,FALSE,TRUE,TRUE,TRUE,FALSE
Apple Inc.,VEND004,Sarah Johnson,sarah.johnson@apple.com,-2413,"1 Apple Park Way, Cupertino, CA 95014, United States",US,supplier,manufacturing,200000000,1976,large,,,,certificates/apple_inc_incorp.pdf,USD,TRUE,TRUE,TRUE,TRUE,TRUE,TRUE
Reliance Industries Ltd.,VEND005,Amit Patel,amit.patel@ril.com,-7654321007,"Maker Chambers IV, Nariman Point, Mumbai, Maharashtra 400021",IN,supplier,manufacturing,150000000,1966,large,CDEFG3456H,27CDEFG3456H3Z7,GTA345678,certificates/reliance_incorp.pdf,INR,TRUE,TRUE,TRUE,TRUE,TRUE,true 
Genessence,VEND006,Baljinder,baljinder230304@gmail.com,8810335544,"Maker Chambers IV, Nariman Point, Mumbai, Maharashtra 400022",IN,supplier,manufacturing,200000000,1967,small,,,,,,,,,,,
